Unnamed: 0,Date,Contest number,Word,Number of  reported results,Number in hard mode,1 try,2 tries,3 tries,4 tries,5 tries,6 tries,7 or more tries (X),hard_mode_percentage,mean_tries,entropy with freq,has_duplicate,duplicate_count,letter_freq_sum,first_letter_freq
358,2022-01-07,202,slump,80630,1362,1,3,23,39,24,9,1,0.01689197569142999,4.13,4.514937272326842,0,0,382,51
357,2022-01-08,203,crank,101503,1763,1,5,23,31,24,14,2,0.017368944760253392,4.22,4.595244681557157,0,0,487,33
356,2022-01-09,204,gorge,91477,1913,1,3,13,27,30,22,4,0.020912360484056102,4.64,4.381783068179974,1,1,553,17
355,2022-01-10,205,query,107134,2242,1,4,16,30,30,17,2,0.02092706330389979,4.43,3.9991706808812335,0,0,448,3
354,2022-01-11,206,drink,153880,3017,1,9,35,34,16,5,1,0.019606186638939434,3.77,4.470440783723142,0,0,412,12
353,2022-01-12,207,favor,137586,3073,1,4,15,26,29,21,4,0.022335121305946826,4.57,4.268090412056551,0,0,484,22
352,2022-01-13,208,abbey,132726,3345,1,2,13,29,31,20,3,0.025202296460377017,4.56,3.9981296618810407,1,1,466,28
351,2022-01-14,209,tangy,169484,3985,1,4,21,30,24,15,5,0.02351254395695169,4.37,4.649492387448483,0,0,489,30
350,2022-01-15,210,panic,205880,4655,1,9,35,34,16,5,1,0.022610258402953175,3.77,4.716679298024068,0,0,483,23
349,2022-01-16,211,solar,209609,4955,1,9,32,32,18,7,1,0.023639252131349323,3.82,5.743181887456772,0,0,625,51
348,2022-01-17,212,shire,222197,5640,1,8,32,32,18,8,2,0.025382880956988617,3.93,5.464457693409524,0,0,576,51
347,2022-01-18,213,proxy,220950,6206,1,2,11,24,31,26,6,0.028087802670287397,4.87,3.882340991141335,0,0,400,23
346,2022-01-19,214,point,280622,7094,1,16,37,28,12,4,1,0.02527955755429011,3.47,4.838492838776702,0,0,516,23
345,2022-01-20,215,robot,243964,6589,1,8,29,34,20,8,1,0.027008083159810462,3.95,4.115057935119005,1,1,561,13
344,2022-01-21,216,prick,273727,7409,1,8,30,33,19,7,1,0.027067114314627348,3.83,4.181850316638119,0,0,405,23
343,2022-01-22,217,wince,241489,6850,1,3,17,33,29,15,3,0.02836568125256223,4.46,4.538990905466226,0,0,474,11
342,2022-01-23,218,crimp,269929,7630,1,5,28,38,20,7,1,0.02826669235243342,3.96,4.259350207857309,0,0,425,33
341,2022-01-24,219,knoll,258038,8317,1,1,11,29,33,21,4,0.032231686805819296,4.71,3.747631632271327,1,1,480,3
340,2022-01-25,220,sugar,276404,8708,1,6,25,34,23,9,1,0.03150460919523596,4.0,5.152094871254251,0,0,495,51
339,2022-01-26,221,whack,302348,10163,1,4,22,37,24,10,2,0.03361358434651461,4.17,3.6669272453164004,0,0,365,11
338,2022-01-27,222,mount,331844,11451,1,9,29,33,19,7,1,0.03450717807162402,3.82,4.607019864953495,0,0,470,20
337,2022-01-28,223,perky,296968,11148,1,4,17,30,27,17,4,0.037539398184316154,4.45,4.565975173955298,0,0,478,23
336,2022-01-29,224,could,313220,11592,1,7,29,35,20,8,1,0.037009130962262944,3.97,4.560436500906091,0,0,434,33
335,2022-01-30,225,wrung,294687,11524,0,2,18,39,27,12,2,0.03910589880110083,4.35,3.8869640670678653,0,0,367,11
334,2022-01-31,226,light,341314,13347,1,10,25,27,19,12,5,0.03910475398020591,4.06,4.245743938634077,0,0,464,13
333,2022-02-01,227,those,351663,13606,1,13,34,30,15,6,1,0.03869045080090883,3.67,5.2086864467272065,0,0,604,30
332,2022-02-02,228,moist,361908,14205,3,13,32,29,16,7,1,0.03925030670778209,3.7,5.078034625961311,0,0,506,20
331,2022-02-03,229,shard,358176,14609,1,7,22,28,25,14,4,0.04078721075672295,4.3,5.165312492810795,0,0,504,51
330,2022-02-04,230,pleat,359679,14813,1,10,28,31,19,9,2,0.041183944572799634,3.92,5.148672701424032,0,0,649,23
329,2022-02-05,231,aloft,319698,13708,1,4,22,36,25,11,2,0.04287796608048846,4.24,4.631696606013419,0,0,567,28
328,2022-02-06,232,skill,311018,13716,1,3,17,33,27,16,3,0.04410034145933676,4.42,4.148628624960396,1,1,447,51
327,2022-02-07,233,elder,288228,13340,1,3,13,24,30,24,5,0.04628280389136378,4.71,4.53347802654769,1,1,668,10
326,2022-02-08,234,frame,336236,15369,1,10,20,24,24,17,3,0.045708966321274344,4.2,4.8479008825664165,0,0,565,22
325,2022-02-09,235,humor,305372,13846,1,5,22,34,25,11,2,0.04534141964554707,4.18,4.393619105751934,0,0,456,11
324,2022-02-10,236,pause,304830,13480,1,8,26,32,21,10,2,0.04422136928779976,4.02,5.374856045531391,0,0,558,23
323,2022-02-11,237,ulcer,278826,10631,1,4,18,30,28,16,3,0.038127721231162086,4.4,4.834050845425765,0,0,565,8
322,2022-02-12,238,ultra,269885,9310,1,7,23,34,24,10,1,0.034496174296459604,4.07,4.916074224894983,0,0,599,8
321,2022-02-13,239,robin,277471,3249,1,6,29,34,21,8,1,0.011709331786024485,3.96,4.7504049018891426,0,0,487,13
320,2022-02-14,240,cynic,261521,10343,1,6,25,33,22,11,2,0.03954940521028904,4.1,3.5150621437484046,1,1,392,33
319,2022-02-15,241,aroma,287836,10343,1,6,25,33,22,11,2,0.03593365666560124,4.1,4.457878048693403,1,1,640,28
318,2022-02-16,242,caulk,289721,10740,1,4,20,31,26,15,3,0.03707014679640067,4.34,4.489015667989414,0,0,441,33
317,2022-02-17,243,shake,342003,12767,1,6,16,23,24,21,9,0.03733008189986638,4.62,5.179663856875875,0,0,535,51
316,2022-02-18,244,dodge,265238,10220,1,3,15,29,27,19,7,0.03853143214773147,4.66,4.075319861765811,1,1,476,12
315,2022-02-19,245,swill,282327,11241,1,1,8,19,31,30,10,0.03981553305209916,5.08,4.06115676714676,1,1,442,51
314,2022-02-20,246,tacit,273306,11094,1,4,21,32,26,14,3,0.040591864064455224,4.35,4.354786514973257,1,1,591,30
313,2022-02-21,247,other,278731,10887,1,9,26,30,21,10,2,0.03905916457085864,3.96,4.8655547179788865,0,0,651,4
312,2022-02-22,248,thorn,306356,11814,1,14,38,30,12,4,0,0.03856297901787463,3.47,4.709607944487043,0,0,555,30
311,2022-02-23,249,trove,277576,11411,1,5,16,24,25,22,8,0.0411094619131337,4.68,4.8218697255858025,0,0,606,30
310,2022-02-24,250,bloke,250674,10405,1,6,21,32,25,12,2,0.04150809417809585,4.15,4.621836685133417,0,0,495,20
309,2022-02-25,251,vivid,255907,11687,1,2,10,29,33,21,4,0.04566893441758139,4.7,2.565394050211667,1,2,306,6
308,2022-02-26,252,spill,248363,10087,1,5,26,34,22,10,2,0.040613940079641496,4.09,4.278925109960684,1,1,476,51
307,2022-02-27,253,chant,250413,10438,1,9,33,33,16,7,1,0.04168313945362261,3.79,4.553630789480175,0,0,518,33
306,2022-02-28,254,choke,251094,10521,1,8,30,36,18,6,1,0.04190064278716337,3.84,4.412294515497698,0,0,493,33
305,2022-03-01,255,rupee,240137,10577,1,2,17,35,30,13,2,0.044045690584957754,4.38,4.561204695013479,1,1,630,13
304,2022-03-02,256,nasty,257304,10813,1,7,26,31,21,11,2,0.042024220377452355,4.02,5.1050794707195895,0,0,525,6
303,2022-03-03,257,mourn,240018,10465,1,8,29,34,19,8,1,0.04360089659942171,3.9,4.682027282710411,0,0,474,20
302,2022-03-04,258,ahead,203730,9396,1,5,20,35,26,12,2,0.0461198645265793,4.27,4.372205425608123,1,1,626,28
301,2022-03-05,259,brine,229895,10405,1,9,25,29,22,12,3,0.04525979251397377,4.13,5.043220159792035,0,0,538,20
300,2022-03-06,260,cloth,218595,9911,1,8,33,34,17,7,1,0.04533955488460395,3.86,4.425409642973951,0,0,516,33
299,2022-03-07,261,hoard,218595,9823,1,9,30,34,19,7,1,0.04493698392003477,3.89,4.978589016826151,0,0,550,11
298,2022-03-08,262,sweet,207473,9767,1,5,18,31,28,15,2,0.0470760050705393,4.33,4.652524978291197,1,1,615,51
297,2022-03-09,263,month,201799,9435,1,5,26,37,22,8,1,0.04675444377821496,4.02,4.451684790603233,0,0,476,20
296,2022-03-10,264,lapse,208884,9960,0,8,31,34,19,7,1,0.04768196702476015,3.89,5.4877201762750705,0,0,606,13
295,2022-03-11,265,watch,226349,12400,1,6,14,18,17,24,20,0.054782658637767344,4.96,4.117771376042325,0,0,460,11
294,2022-03-12,266,today,192049,9353,1,7,29,35,20,7,1,0.04870111273685362,3.91,4.891266007988543,0,0,537,30
293,2022-03-13,267,focus,179436,8937,1,4,23,36,24,10,1,0.0498060589848191,4.09,4.544127525779189,0,0,388,22
292,2022-03-14,268,smelt,185406,9373,0,5,19,33,28,13,2,0.05055391950638059,4.31,5.190697214165171,0,0,568,51
291,2022-03-15,269,tease,202855,10024,1,16,32,30,16,6,1,0.0494146064923221,3.72,5.277321647807872,1,1,744,30
290,2022-03-16,270,cater,217856,11234,1,7,19,22,19,18,15,0.05156617215041128,4.68,5.437894504992105,0,0,678,33
289,2022-03-17,271,movie,169071,8847,1,5,18,30,26,16,3,0.05232712883936334,4.32,4.568932591864615,0,0,498,20
288,2022-03-18,272,saute,179830,9304,1,8,31,34,19,6,1,0.051737752321637104,3.84,5.800877211145375,0,0,624,51
287,2022-03-19,273,allow,156311,8515,0,5,21,32,26,14,3,0.05447473306421173,4.36,3.8909096693958523,1,1,546,28
286,2022-03-20,274,renew,154987,8417,0,4,20,33,27,13,2,0.05430778065257086,4.27,4.373143805436669,1,1,620,13
285,2022-03-21,275,their,173636,9200,2,14,36,30,13,4,0,0.052984404155820224,3.47,4.997307293602499,0,0,619,30
284,2022-03-22,276,slosh,160161,8807,0,2,19,36,27,13,2,0.05498841790448361,4.32,4.464222825488882,1,1,489,51
283,2022-03-23,277,purge,156785,8555,1,4,22,35,26,11,2,0.054565168861817136,4.25,4.691719422227635,0,0,497,23
282,2022-03-24,278,chest,169066,9318,1,14,35,31,14,5,1,0.05511457064105142,3.65,4.741837485396472,0,0,542,33
281,2022-03-25,279,depot,150197,8562,0,5,29,36,20,7,1,0.05700513325832074,3.9,4.85322136867976,0,0,565,12
280,2022-03-26,280,epoxy,149507,9376,0,2,13,31,33,18,3,0.06271278267907188,4.61,3.791638346025392,0,0,450,10
279,2022-03-27,281,nymph,165468,9935,1,2,18,44,26,26,9,0.0600418207750139,5.84,3.6074312176437706,0,0,338,6
278,2022-03-28,282,found,173696,10613,1,6,17,22,20,21,14,0.06110100405305822,4.76,4.221051823019366,0,0,372,22
277,2022-03-29,283,shall,149070,8494,0,3,17,30,28,17,4,0.05697994230898236,4.47,4.47742950472433,1,1,540,51
276,2022-03-30,284,stove,158139,9318,0,5,16,24,27,21,6,0.05892284635668621,4.57,4.930847928142465,0,0,559,51
275,2022-03-31,285,lowly,135219,8469,0,2,9,26,32,24,8,0.06263173074789785,4.95,3.5887650892612073,1,1,448,13
274,2022-04-01,286,snout,144648,8913,1,4,19,27,26,18,5,0.061618549858967975,4.47,5.089420475023273,0,0,502,51
273,2022-04-02,287,trope,155079,9315,1,16,33,28,15,6,1,0.060066159828216587,3.62,5.204614214744099,0,0,645,30
272,2022-04-03,288,fewer,124532,7931,0,2,10,24,32,26,6,0.063686442038994,4.88,3.921556423124922,1,1,565,22
271,2022-04-04,289,shawl,129651,7943,0,3,16,31,30,16,3,0.06126447154283422,4.45,4.660804117501699,0,0,458,51
270,2022-04-05,290,natal,121356,7702,0,2,14,32,32,17,3,0.06346616566135997,4.57,4.523848273948498,1,1,648,6
269,2022-04-06,291,comma,117856,7560,0,2,13,33,33,17,3,0.0641460765680152,4.63,3.9050443385017872,1,1,473,33
268,2022-04-07,292,foray,117761,7575,0,2,14,31,31,19,4,0.06432520104279006,4.67,4.739373464412324,0,0,520,22
267,2022-04-08,293,scare,141158,9010,1,12,23,26,21,13,4,0.06382918431828165,4.09,5.637636613514638,0,0,635,51
266,2022-04-09,294,stair,134210,8537,2,21,36,26,11,4,1,0.06360926905595708,3.42,5.577625012265721,0,0,611,51
265,2022-04-10,295,black,126241,7894,1,10,31,34,18,6,1,0.06253119034228183,3.83,4.1378266545307625,0,0,408,20
264,2022-04-11,296,squad,109828,7236,0,3,20,33,27,14,2,0.06588483811050005,4.31,4.330359018256318,0,0,369,51
263,2022-04-12,297,royal,114907,7275,1,5,24,36,23,9,1,0.06331206976076305,4.03,5.0332261997702314,0,0,599,13
262,2022-04-13,298,chunk,123255,7835,1,4,29,42,18,5,1,0.06356740091679851,3.91,3.7232237054969923,0,0,328,33
261,2022-04-14,299,mince,113448,7356,0,6,24,35,24,10,1,0.06484027924687963,4.11,4.792828776064018,0,0,499,20
260,2022-04-15,300,shame,129991,8522,1,11,22,25,21,15,5,0.06555838481125617,4.19,5.284986230697579,0,0,555,51
259,2022-04-16,301,cheek,107987,7035,0,3,19,40,28,9,1,0.06514673062498264,4.24,3.845954943029028,1,1,544,33
258,2022-04-17,302,ample,106681,7008,0,4,20,35,27,11,2,0.0656911727486619,4.23,4.85337937189752,0,0,574,28
257,2022-04-18,303,flair,112383,7341,1,8,30,36,18,6,1,0.06532126745148288,3.84,4.796883149548039,0,0,539,22
256,2022-04-19,304,foyer,108899,8198,0,2,10,19,19,23,26,0.07528076474531446,5.25,4.717918127283912,0,0,545,22
255,2022-04-20,305,cargo,102007,6796,0,5,20,34,27,12,2,0.06662287882204163,4.27,4.831687656434311,0,0,548,33
254,2022-04-21,306,oxide,97955,6960,0,2,11,30,33,21,4,0.07105303455668419,4.76,4.2755056418775625,0,0,480,4
253,2022-04-22,307,plant,119232,7731,2,19,39,28,10,3,0,0.06483997584541062,3.37,4.838228683160171,0,0,553,23
252,2022-04-23,308,olive,95562,6482,1,6,25,34,23,10,1,0.06783030911868734,4.06,4.623662966748657,0,0,555,4
251,2022-04-24,309,inert,97452,6743,0,7,27,34,22,9,1,0.06919303862414317,4.02,5.0343436529670855,0,0,637,10
250,2022-04-25,310,askew,91548,6549,0,3,13,29,32,19,4,0.07153624328221261,4.63,4.598017895604836,0,0,495,28
249,2022-04-26,311,heist,103153,6830,1,13,32,31,16,6,1,0.0662123253807451,3.7,5.20333860262526,0,0,572,11
248,2022-04-27,312,shown,98967,6564,0,6,26,36,22,8,1,0.06632513868259117,3.99,4.448224707117253,0,0,408,51
247,2022-04-28,313,zesty,88974,6315,0,2,12,27,30,22,7,0.07097579068042349,4.79,4.434023773597183,0,0,467,1
246,2022-04-29,314,trash,106652,7001,2,19,34,27,13,4,1,0.06564340096763305,3.46,5.158160141938997,0,0,580,30
245,2022-04-30,315,larva,77991,5749,0,2,10,25,35,23,4,0.07371363362439255,4.75,4.16218942975518,1,1,589,13
244,2022-05-01,316,forgo,77658,5699,0,1,9,26,37,23,3,0.07338587138478972,4.77,3.6734443721930696,1,1,484,22
243,2022-05-02,317,story,95643,6530,1,10,23,29,24,11,2,0.06827472998546678,4.06,5.128156230791515,0,0,545,51
242,2022-05-03,318,hairy,85817,5941,1,8,24,33,23,10,1,0.06922870759872753,4.03,4.917948651279633,0,0,525,11
241,2022-05-04,319,train,107750,7243,6,26,32,22,10,3,0,0.06722041763341068,3.1,5.287311479880693,0,0,612,30
240,2022-05-05,320,homer,85979,6313,0,3,16,26,24,19,12,0.07342490608171763,4.76,4.938484911543591,0,0,576,11
239,2022-05-06,321,badge,76292,5482,0,4,20,35,26,12,2,0.07185550254286163,4.24,4.709751661365351,0,0,479,20
238,2022-05-07,322,midst,74458,5233,0,3,25,39,24,9,1,0.07028123237261275,4.18,4.719637972483362,0,0,427,20
237,2022-05-08,323,canny,72518,5256,0,2,10,30,34,20,4,0.07247855704790535,4.72,4.025367506075738,1,1,467,33
236,2022-05-09,324,shine,88932,6146,1,14,32,30,17,6,1,0.06910898214366032,3.73,5.311019566706845,0,0,530,51
235,2022-05-10,325,gecko,74412,5489,0,2,16,38,29,12,2,0.07376498414234263,4.35,4.247344665463656,0,0,474,17
234,2022-05-11,326,farce,79446,5688,0,9,26,32,21,9,1,0.07159580092138056,3.9,5.000648453396059,0,0,581,22
233,2022-05-12,327,slung,75673,5419,0,2,16,37,31,13,2,0.0716107462370991,4.47,4.631566218686278,0,0,402,51
232,2022-05-13,328,tipsy,77585,5522,0,6,33,38,17,5,1,0.07117355158858027,3.85,4.680939256696169,0,0,443,30
231,2022-05-14,329,metal,73225,5290,1,10,31,34,18,7,1,0.07224308637760328,3.89,5.180317014668057,0,0,640,20
230,2022-05-15,330,yield,67115,4963,0,4,16,29,29,18,4,0.07394770170602696,4.53,4.811493693802967,0,0,512,2
229,2022-05-16,331,delve,68349,5179,0,2,14,32,33,16,2,0.07577287158553893,4.49,4.051039359501105,1,1,559,12
228,2022-05-17,332,being,70722,5142,0,4,22,37,26,10,1,0.07270721981844405,4.19,4.525696172348835,0,0,455,20
227,2022-05-18,333,scour,73933,5544,0,8,34,35,17,5,1,0.07498681238418568,3.8,4.97426213977667,0,0,489,51
226,2022-05-19,334,glass,70920,5162,0,4,19,33,27,14,3,0.07278623801466441,4.37,4.640024820643821,1,1,496,17
225,2022-05-20,335,gamer,69884,5238,1,4,17,28,26,18,6,0.07495277889073322,4.52,5.097234788033237,0,0,583,17
224,2022-05-21,336,scrap,66814,4973,1,9,28,34,20,8,1,0.07443050857604694,3.94,5.058243878809569,0,0,515,51
223,2022-05-22,337,money,67909,4928,1,7,26,36,21,8,1,0.07256770089384323,3.97,4.947694851925793,0,0,521,20
222,2022-05-23,338,hinge,66431,4906,0,5,25,37,22,9,2,0.0738510635095061,4.11,4.632837240171994,0,0,494,11
221,2022-05-24,339,album,63380,4809,0,5,26,35,24,9,1,0.07587567055853582,4.09,4.230350055517689,0,0,421,28
220,2022-05-25,340,vouch,62723,4835,0,2,9,25,33,24,6,0.07708496085965276,4.82,3.6757603507687207,0,0,363,6
219,2022-05-26,341,asset,63188,4733,0,7,28,34,21,8,1,0.07490346268278787,3.94,4.9940083644599875,1,1,647,28
218,2022-05-27,342,tiara,63846,4842,0,8,36,33,17,6,1,0.07583873696081195,3.84,4.827899150762441,1,1,683,30
217,2022-05-28,343,crept,60069,4562,0,4,27,38,22,7,1,0.07594599543857897,4.0,4.756509839531275,0,0,583,33
216,2022-05-29,344,bayou,56839,4435,0,6,17,33,29,13,2,0.07802741075669875,4.32,4.400460355268193,0,0,448,20
215,2022-05-30,345,atoll,60969,4741,0,6,28,36,21,8,1,0.07776082927389329,4.0,4.3275523312916295,1,1,646,28
214,2022-05-31,346,manor,62768,4802,0,6,27,34,21,10,2,0.07650395105786388,4.08,5.1038195467840595,0,0,569,20
213,2022-06-01,347,creak,63241,4797,0,5,21,32,25,14,3,0.07585269050141522,4.31,4.895294174818795,0,0,583,33
212,2022-06-02,348,showy,61278,4770,0,2,16,37,30,13,2,0.07784196612160971,4.42,4.312539948320904,0,0,381,51
211,2022-06-03,349,peach,65431,4957,1,13,38,32,13,3,0,0.0757591967110391,3.52,4.673508568325412,0,0,548,23
210,2022-06-04,350,froth,58263,4432,0,5,22,35,25,11,1,0.07606886016854608,4.14,4.3010710602044515,0,0,500,22
209,2022-06-05,351,depth,56738,4329,0,6,28,39,20,6,1,0.07629807183897917,3.95,4.467155567890598,0,0,502,12
208,2022-06-06,352,gloom,58478,4548,0,2,14,35,35,13,1,0.07777283764834639,4.46,3.6976344004227597,1,1,484,17
207,2022-06-07,353,flood,58991,4440,0,3,20,40,28,8,1,0.07526571849943212,4.21,3.6926663185729893,1,1,465,22
206,2022-06-08,354,trait,61026,4607,0,6,22,35,24,11,2,0.07549241306983909,4.18,4.664895700719042,1,1,654,30
205,2022-06-09,355,girth,60020,4665,0,6,23,33,23,12,3,0.07772409196934356,4.21,4.502955623041411,0,0,486,17
204,2022-06-10,356,piety,55376,4324,0,4,25,41,22,7,1,0.07808436867957237,4.06,4.801628519497281,0,0,540,23
203,2022-06-11,357,goose,51958,4087,0,2,12,28,32,21,5,0.0786596866700027,4.73,4.58523011820257,1,1,588,17
202,2022-06-12,358,float,56684,4323,1,12,30,32,18,6,1,0.07626490720485499,3.76,4.71254805717151,0,0,567,22
201,2022-06-13,359,donor,53802,4142,0,3,27,38,23,7,1,0.07698598565109104,4.03,4.309388521968451,1,1,542,12
200,2022-06-14,360,atone,59968,4762,2,16,34,29,14,4,1,0.0794090181430096,3.53,5.331345962728237,0,0,694,28
199,2022-06-15,361,primo,55989,4391,0,3,22,38,25,10,2,0.07842611941631392,4.23,4.602452866482084,0,0,487,23
198,2022-06-16,362,apron,53430,4112,0,7,30,38,19,5,1,0.0769605090772974,3.88,4.9271849928435625,0,0,578,28
197,2022-06-17,363,blown,54665,4251,0,6,23,35,26,10,1,0.07776456599286563,4.18,4.017164870506331,0,0,394,20
196,2022-06-18,364,cacao,47205,4101,0,1,9,27,36,23,4,0.08687639021290118,4.83,3.635745140170319,1,2,593,33
195,2022-06-19,365,loser,55359,4399,1,10,28,32,19,8,2,0.07946314059141242,3.9,5.656371735480511,0,0,650,13
194,2022-06-20,366,input,50484,3950,0,5,30,38,21,6,1,0.07824261152048173,4.0,4.219575552095203,0,0,447,10
193,2022-06-21,367,gloat,53342,4194,0,8,21,31,26,12,2,0.0786247234824341,4.19,4.889319700384614,0,0,585,17
192,2022-06-22,368,awful,47645,3861,0,5,21,33,27,12,2,0.0810368349249659,4.26,3.8172747364659414,0,0,398,28
191,2022-06-23,369,brink,53111,4118,0,4,22,41,24,7,1,0.0775357270621905,4.07,4.278042550636114,0,0,389,20
190,2022-06-24,370,smite,50617,3991,0,6,23,35,24,11,2,0.07884702767844795,4.21,5.386444899796735,0,0,557,51
189,2022-06-25,371,beady,46089,3670,0,3,19,39,29,10,1,0.07962854477207143,4.31,4.767164451407599,0,0,489,20
188,2022-06-26,372,rusty,50450,3954,0,9,37,34,13,5,1,0.07837462834489593,3.67,4.817205769941887,0,0,476,13
187,2022-06-27,373,retro,47986,3848,0,6,24,35,24,9,1,0.08019005543283457,4.05,4.628278495264941,1,1,715,13
186,2022-06-28,374,droll,47312,3844,0,2,16,31,31,17,3,0.08124788637132228,4.54,4.195725664930252,1,1,545,12
185,2022-06-29,375,gawky,45645,3957,0,1,5,22,33,28,10,0.08669076569175156,5.08,3.824531214120796,0,0,336,17
184,2022-06-30,376,hutch,44212,3758,0,1,12,28,28,21,9,0.08499954763412648,4.79,3.269056420170636,1,1,405,11
183,2022-07-01,377,pinto,47248,3792,0,5,25,41,22,6,1,0.08025736539112767,4.02,4.733047981316856,0,0,516,23
182,2022-07-02,378,egret,41765,3515,0,3,14,33,33,15,2,0.08416137914521729,4.49,4.451713250527656,1,1,683,10
181,2022-07-03,379,lilac,40486,3461,0,2,17,38,29,12,1,0.08548634095736798,4.31,4.20025248054328,1,1,555,13
180,2022-07-04,380,sever,42645,3591,0,2,13,27,29,21,7,0.08420682377769961,4.71,4.653232281802048,1,1,614,51
179,2022-07-05,381,field,44578,3604,1,6,25,36,23,9,1,0.08084705460092423,4.08,4.604268094094353,0,0,484,22
178,2022-07-06,382,fluff,47344,4049,0,0,4,25,44,23,4,0.08552298073673538,4.98,2.354188047229581,1,2,275,22
177,2022-07-07,383,agape,43407,3671,0,2,18,36,27,15,3,0.08457161287349967,4.48,4.266301151026844,1,1,617,28
176,2022-07-08,384,voice,42806,3484,1,5,24,35,25,9,1,0.08139045928140914,4.09,4.5715306691441695,0,0,514,6
175,2022-07-09,385,stead,47094,3933,1,6,20,27,28,16,3,0.0835138234169958,4.38,5.466260417918574,0,0,614,51
174,2022-07-10,386,berth,41785,3494,0,7,24,35,24,9,1,0.08361852339356228,4.07,4.735943783365822,0,0,549,20
173,2022-07-11,387,madam,40545,3430,0,3,13,35,34,14,2,0.0845973609569614,4.53,3.4286863117798068,1,2,482,20
172,2022-07-12,388,night,46910,3870,1,8,27,27,17,13,7,0.08249840119377531,4.18,4.1506288488869005,0,0,440,6
171,2022-07-13,389,bland,46246,3727,0,7,31,38,18,4,0,0.08059075379492281,3.73,4.614901352457795,0,0,444,20
170,2022-07-14,390,liver,40549,3388,0,4,16,26,25,20,8,0.08355323189227848,4.61,4.764571862274652,0,0,556,13
169,2022-07-15,391,wedge,39234,3353,0,2,11,32,37,17,2,0.08546158943773258,4.66,3.7941900454795,1,1,503,11
168,2022-07-16,392,roomy,38769,3280,0,2,17,41,28,10,2,0.0846036781964972,4.33,4.022112321626625,1,1,516,13
167,2022-07-17,393,wacky,39611,3345,0,3,18,39,27,10,2,0.08444623968089672,4.25,3.8917140780852955,0,0,356,11
166,2022-07-18,394,flock,42574,3548,0,4,22,37,27,9,1,0.0833372480856861,4.18,3.7951774134495464,0,0,384,22
165,2022-07-19,395,angry,39667,3358,0,5,27,38,21,7,1,0.08465475080041344,3.97,4.51259009683785,0,0,493,28
164,2022-07-20,396,trite,42237,3685,0,4,14,22,22,23,15,0.08724577976655538,4.91,4.748713470049855,1,1,679,30
163,2022-07-21,397,aphid,39086,3367,0,6,24,36,23,9,2,0.08614337614491122,4.11,4.345810414400543,0,0,448,28
162,2022-07-22,398,tryst,43099,3665,0,3,26,41,23,6,1,0.08503677579526207,4.06,4.156714152804128,1,1,542,30
161,2022-07-23,399,midge,36769,3111,0,2,18,39,28,10,2,0.08460931763170061,4.28,4.548011610117386,0,0,445,20
160,2022-07-24,400,power,39813,3401,2,6,19,29,24,15,4,0.0854243588777535,4.25,4.768002696094929,0,0,545,23
159,2022-07-25,401,elope,39228,3339,0,4,22,32,26,13,2,0.08511777301927195,4.24,4.4725641360432515,1,1,677,10
158,2022-07-26,402,cinch,39171,3507,0,2,15,24,22,25,13,0.08953052002757142,4.96,3.5248666705695277,1,1,401,33
157,2022-07-27,403,motto,38384,3285,0,1,11,36,36,14,1,0.08558253438932889,4.5,3.3872276536416757,1,2,581,20
156,2022-07-28,404,stomp,40650,3490,0,7,26,32,21,11,2,0.08585485854858549,4.05,4.656124840880025,0,0,469,51
155,2022-07-29,405,upset,37791,3213,0,5,30,38,20,6,1,0.08502024291497975,3.95,4.959184824735237,0,0,529,8
154,2022-07-30,406,bluff,37353,3171,0,2,14,42,31,10,1,0.08489277969640993,4.36,2.937170936801928,1,1,273,20
153,2022-07-31,407,cramp,39250,3369,1,8,26,33,19,10,2,0.0858343949044586,3.96,4.4669835211938915,0,0,483,33
152,2022-08-01,408,quart,36662,3303,0,5,20,33,27,13,2,0.09009328459985816,4.29,4.249851503370225,0,0,492,3
151,2022-08-02,409,coyly,34909,3380,0,0,4,17,28,35,15,0.09682316881033544,5.35,3.7370453847578893,1,1,438,33
150,2022-08-03,410,youth,38381,3327,1,5,17,31,29,15,3,0.08668351528099841,4.42,4.315735413370771,0,0,458,2
149,2022-08-04,411,rhyme,37229,3336,0,4,22,39,25,8,1,0.08960756399580971,4.1,4.453912689617256,0,0,504,13
148,2022-08-05,412,buggy,37350,3428,0,1,9,29,34,22,5,0.09178045515394913,4.82,2.9996874780316256,1,1,258,20
147,2022-08-06,413,alien,38841,3395,3,17,31,29,15,4,0,0.0874076362606524,3.45,5.468534709527063,0,0,644,28
146,2022-08-07,414,smear,36223,3190,0,2,16,39,29,12,2,0.08806559368357121,4.39,5.5318998776679145,0,0,619,51
145,2022-08-08,415,unfit,35516,3187,0,3,24,38,25,9,1,0.08973420430228629,4.16,4.053808528052607,0,0,416,8
144,2022-08-09,416,patty,36223,3019,0,2,16,39,29,12,1,0.08334483615382492,4.32,4.080495195516196,1,1,544,23
143,2022-08-10,417,cling,37654,3312,0,4,20,34,27,13,2,0.08795878259945822,4.31,4.233173046015872,0,0,423,33
142,2022-08-11,418,glean,37301,3243,0,6,23,37,24,8,1,0.08694136886410551,4.04,4.964874242077138,0,0,594,17
141,2022-08-12,419,label,34198,3076,0,4,18,32,29,15,2,0.08994678051348032,4.39,4.5048207750229095,1,1,598,13
140,2022-08-13,420,hunky,35276,3185,0,1,11,33,25,22,7,0.09028801451411725,4.73,3.8333647009132465,0,0,318,11
139,2022-08-14,421,khaki,31652,2968,0,2,17,33,28,16,4,0.09376974598761531,4.51,3.591004968730174,1,1,400,3
138,2022-08-15,422,poker,35376,3180,0,4,17,30,27,17,5,0.08989145183175033,4.51,4.870254080349424,0,0,550,23
137,2022-08-16,423,gruel,35105,3087,0,3,19,39,29,9,1,0.08793619142572283,4.25,4.881394007476661,0,0,545,17
136,2022-08-17,424,twice,35815,3173,1,6,28,38,21,6,1,0.08859416445623342,3.97,4.537932872555827,0,0,516,30
135,2022-08-18,425,twang,34938,3172,0,3,22,43,25,7,1,0.09078939836281413,4.18,4.182907842841803,0,0,458,30
134,2022-08-19,426,shrug,33965,2987,0,4,23,36,26,10,1,0.08794347122037391,4.18,4.542651144587614,0,0,406,51
133,2022-08-20,427,treat,38245,3249,1,22,32,26,14,5,1,0.08495228134396653,3.52,4.820825945418755,1,1,737,30
132,2022-08-21,428,waste,35617,3186,1,7,19,27,24,17,5,0.08945166633910773,4.37,5.307858812880289,0,0,590,11
131,2022-08-22,429,merit,35888,3123,0,7,33,37,17,5,0,0.08702073116362015,3.76,5.221042983004298,0,0,604,20
130,2022-08-23,430,woven,33549,2933,0,2,13,32,32,17,3,0.08742436436257414,4.54,4.2378884461004365,0,0,460,11
129,2022-08-24,431,needy,33700,2927,0,2,21,41,26,9,1,0.08685459940652819,4.22,4.224566203700203,1,1,571,6
128,2022-08-25,432,clown,36737,3175,1,8,29,36,20,6,1,0.08642512997795139,3.91,4.128156498264637,0,0,434,33
127,2022-08-26,433,irony,34716,3046,0,6,29,34,21,8,1,0.08774052310173983,3.95,4.775953753885976,0,0,517,10
126,2022-08-27,434,ruder,31241,2784,0,2,16,33,29,16,4,0.08911366473544381,4.53,4.330566993137535,1,1,570,13
125,2022-08-28,435,gauze,30214,2866,0,2,11,24,31,25,8,0.09485668895214139,4.94,4.347971471333056,0,0,463,17
124,2022-08-29,436,chief,34281,3072,1,6,32,38,18,5,0,0.08961232169423296,3.81,4.279690422645248,0,0,459,33
123,2022-08-30,437,onset,33660,3009,0,4,29,40,21,6,1,0.0893939393939394,4.03,5.361160882922093,0,0,622,4
122,2022-08-31,438,prize,35343,3166,0,5,12,20,32,26,5,0.08957926604985429,4.77,4.471892209709096,0,0,488,23
121,2022-09-01,439,fungi,31903,2928,0,2,18,41,28,9,1,0.09177820267686425,4.23,3.819289640213347,0,0,337,22
120,2022-09-02,440,charm,35724,3149,1,12,32,34,16,5,1,0.0881480237375434,3.74,4.408088021317094,0,0,489,33
119,2022-09-03,441,gully,31191,2877,0,1,9,27,31,25,7,0.09223814561892854,4.91,3.504254435831563,1,1,400,17
118,2022-09-04,442,inter,32018,2889,0,6,25,36,23,8,1,0.09023049534636766,4.01,5.126567325930318,0,0,637,10
117,2022-09-05,443,whoop,32733,2970,0,1,16,47,29,7,1,0.09073412152873248,4.32,3.2217913973263386,1,1,430,11
116,2022-09-06,444,taunt,32734,3022,0,4,19,27,21,16,13,0.09231991201808518,4.65,4.349797344911459,1,1,571,30
115,2022-09-07,445,leery,30992,2873,0,3,17,37,28,12,2,0.09270134228187919,4.31,4.592721672439416,1,1,675,13
114,2022-09-08,446,class,31962,3001,0,4,21,32,22,13,7,0.0938927476378199,4.36,4.740995327409262,1,1,516,33
113,2022-09-09,447,theme,32172,2909,0,8,29,40,18,4,0,0.09042024120353102,3.77,4.175697632893221,1,1,623,30
112,2022-09-10,448,lofty,29237,2777,0,4,19,34,27,13,3,0.09498238533365257,4.35,4.300834335320315,0,0,469,13
111,2022-09-11,449,tibia,27887,2675,0,1,14,40,30,12,2,0.09592283142682971,4.4,4.0990005753199386,1,1,522,30
110,2022-09-12,450,booze,29147,2883,0,1,7,27,38,23,4,0.09891240951041273,4.87,3.6615836845057226,1,1,486,20
109,2022-09-13,451,alpha,29497,2706,0,3,19,40,28,9,1,0.09173814286198596,4.24,3.9082422412879834,1,1,564,28
108,2022-09-14,452,thyme,32142,2938,1,5,24,41,23,5,0,0.09140688196129675,3.92,4.361001574875012,0,0,500,30
107,2022-09-15,453,doubt,33344,3011,1,12,32,34,16,4,0,0.09030110364683301,3.61,4.365706246273472,0,0,412,12
106,2022-09-16,454,parer,37309,4130,0,0,4,11,15,22,48,0.1106971508215176,5.99,4.8192114550308345,1,1,675,23
105,2022-09-17,455,chute,33418,3073,0,11,37,36,12,3,0,0.09195643066610809,3.55,4.5447448781314135,0,0,519,33
104,2022-09-18,456,stick,33102,3038,1,9,36,35,14,4,0,0.09177693190743762,3.61,4.532104968325484,0,0,424,51
103,2022-09-19,457,trice,35050,3430,0,5,24,25,18,17,11,0.0978601997146933,4.51,5.195522051123522,0,0,620,30
102,2022-09-20,458,alike,31277,2843,0,6,20,33,27,12,2,0.09089746459059372,4.25,5.118546246174566,0,0,591,28
101,2022-09-21,459,recap,31976,2900,0,5,30,35,21,8,1,0.09069301976482362,4.0,5.006761135556998,0,0,612,13
100,2022-09-22,460,saint,34455,3119,1,14,35,29,15,5,1,0.09052387171673197,3.62,5.655642359291054,0,0,565,51
99,2022-09-23,461,glory,31509,2893,0,6,30,39,19,5,0,0.09181503697356311,3.83,4.53977154116116,0,0,491,17
98,2022-09-24,462,grate,32777,3077,1,14,29,28,16,8,3,0.0938768038563627,3.77,5.304788237499885,0,0,658,17
97,2022-09-25,463,admit,28994,2677,0,10,25,34,22,8,1,0.09232944747189073,3.96,4.614801090347192,0,0,499,28
96,2022-09-26,464,brisk,31706,2884,0,5,23,38,24,7,1,0.09096070144452154,4.0,4.54320198629038,0,0,388,20
95,2022-09-27,465,soggy,30985,2888,0,2,18,38,28,11,2,0.09320639018880103,4.3,4.000255928173762,1,1,383,51
94,2022-09-28,466,usurp,31355,3007,0,3,21,38,26,9,1,0.09590177005262318,4.12,3.7228896861470275,1,1,413,8
93,2022-09-29,467,scald,30477,2829,0,4,23,36,24,11,2,0.09282409685992715,4.21,5.070892352942641,0,0,483,51
92,2022-09-30,468,scorn,31223,2859,0,8,31,35,20,6,1,0.09156711398648432,3.92,5.059276757729089,0,0,513,51
91,2022-10-01,469,leave,28202,2696,0,4,16,34,31,12,1,0.09559605701723282,4.26,4.439784027054376,1,1,664,13
90,2022-10-02,470,twine,30088,2775,0,6,28,40,20,5,1,0.09222946024993353,3.93,4.7482494517212395,0,0,533,30
89,2022-10-03,471,sting,32288,2969,1,10,30,33,18,8,2,0.09195366699702676,3.95,4.741258911677159,0,0,457,51
88,2022-10-04,472,bough,32014,3060,0,3,17,35,28,13,3,0.0955831823577185,4.36,3.9034734578222645,0,0,349,20
87,2022-10-05,473,marxh,30935,2885,0,9,30,35,19,6,1,0.09326006141910458,3.86,,0,0,426,20
86,2022-10-06,474,sloth,32522,2987,1,10,38,34,13,3,0,0.09184551995572228,3.54,5.052486156143453,0,0,532,51
85,2022-10-07,475,dandy,29026,2840,0,2,11,23,29,24,11,0.09784331289189004,4.95,4.048225981509244,1,1,416,12
84,2022-10-08,476,vigor,26905,2642,0,2,15,35,31,14,2,0.09819736108530012,4.42,4.182349989864699,0,0,444,6
83,2022-10-09,477,howdy,28408,2668,0,2,13,32,32,17,4,0.09391720642072655,4.61,3.841334669000742,0,0,348,11
82,2022-10-10,478,enjoy,26878,2654,0,3,12,29,33,20,3,0.09874246595728849,4.64,3.946499235557611,0,0,470,10
81,2022-10-11,479,valid,28575,2752,0,4,28,38,21,8,1,0.0963079615048119,4.04,4.580846014103876,0,0,451,6
80,2022-10-12,480,ionic,29151,2947,0,2,13,25,28,21,11,0.10109430208226133,4.86,3.917435201634218,1,1,494,10
79,2022-10-13,481,equal,27197,2677,0,5,23,35,25,11,2,0.0984299738941795,4.24,4.145372386122089,0,0,524,10
78,2022-10-14,482,floor,28906,2752,0,3,23,44,24,6,0,0.0952051477201965,4.07,3.9040005452501405,1,1,545,22
77,2022-10-15,483,catch,30403,3123,0,7,18,20,15,16,23,0.10272012630332533,4.8,3.808067170805317,1,1,501,33
76,2022-10-16,484,spade,30459,2854,1,8,29,36,19,6,1,0.0936997275025444,3.86,5.353135948829006,0,0,548,51
75,2022-10-17,485,stein,31269,2965,1,12,34,32,16,5,1,0.09482234801240845,3.72,5.377481501402492,0,0,590,51
74,2022-10-18,486,exist,28612,2805,0,5,24,38,23,8,1,0.0980357891793653,4.04,4.465184488464706,0,0,510,10
73,2022-10-19,487,quirk,28322,2794,0,3,23,39,24,9,2,0.09865122519596074,4.19,3.658972568014021,0,0,339,3
72,2022-10-20,488,denim,28741,2769,0,5,29,40,20,5,0,0.09634320308966285,3.87,4.808191464944409,0,0,482,12
71,2022-10-21,489,grove,28637,2794,0,4,18,30,28,17,3,0.09756608583301324,4.45,4.485212856265863,0,0,527,17
70,2022-10-22,490,spiel,29084,2810,0,7,32,36,19,6,1,0.09661669646541053,3.92,5.419225182677665,0,0,548,51
69,2022-10-23,491,mummy,29279,3021,0,1,4,14,27,37,18,0.10317975340687865,5.53,2.554390936531955,1,2,290,20
68,2022-10-24,492,fault,28947,2768,0,7,27,35,22,8,1,0.09562303520226621,4.0,4.598284291033061,0,0,498,22
67,2022-10-25,493,foggy,28953,2817,0,2,13,35,32,15,3,0.09729561703450419,4.54,3.129802258025789,1,1,329,22
66,2022-10-26,494,flout,30063,2904,0,6,28,37,21,7,1,0.09659714599341383,3.98,4.294836140039832,0,0,472,22
65,2022-10-27,495,carry,27609,2615,0,4,22,35,24,12,3,0.09471549132529247,4.27,4.289594887246969,1,1,559,33
64,2022-10-28,496,sneak,27905,2636,0,7,28,36,21,7,1,0.094463357821179,3.96,5.251526098454962,0,0,553,51
63,2022-10-29,497,libel,25156,2536,0,3,15,32,32,16,2,0.10081093973604707,4.49,4.269460762236531,1,1,540,13
62,2022-10-30,498,waltz,24672,2496,0,2,11,29,35,19,3,0.10116731517509728,4.63,4.015315501933648,0,0,436,11
61,2022-10-31,499,aptly,26498,2572,0,3,26,41,23,7,1,0.09706392935315873,4.12,4.564327125936903,0,0,526,28
60,2022-11-01,500,piney,27502,3667,0,1,14,37,33,14,2,0.13333575739946185,4.55,4.889254439734926,0,0,498,23
59,2022-11-02,501,inept,27670,2640,0,6,30,39,20,6,1,0.09541019154318757,4.01,4.667356071406402,0,0,567,10
58,2022-11-03,502,aloud,29554,2819,1,18,31,30,15,4,1,0.09538471949651485,3.56,4.839922519888227,0,0,522,28
57,2022-11-04,503,photo,27330,2565,0,5,34,43,15,3,0,0.0938529088913282,3.77,3.7756062338549716,1,1,530,23
56,2022-11-05,504,dream,29743,2751,5,14,31,29,15,4,1,0.09249235114144505,3.48,5.060027515621887,0,0,586,12
55,2022-11-06,505,stale,31068,3013,2,19,30,27,15,6,2,0.09698081627397966,3.63,5.751408380504063,0,0,672,51
54,2022-11-07,506,begin,26096,2439,0,6,26,36,23,7,1,0.09346259963212752,3.98,4.52603058489623,0,0,455,20
53,2022-11-08,507,spell,27213,2531,0,4,24,37,24,9,1,0.09300701870429574,4.09,4.445304824412523,1,1,559,51
52,2022-11-09,508,rainy,28984,2678,1,16,38,31,11,3,1,0.09239580458183826,3.51,5.147087743202822,0,0,543,13
51,2022-11-10,509,unite,27467,2575,1,11,31,33,18,5,1,0.09374886227108895,3.75,4.9596049679915355,0,0,567,8
50,2022-11-11,510,medal,25993,2438,0,5,25,38,23,8,1,0.09379448313007348,4.07,5.0244368025143125,0,0,564,20
49,2022-11-12,511,valet,24660,2356,0,4,22,38,25,9,1,0.09553933495539335,4.12,5.000924663230002,0,0,610,6
48,2022-11-13,512,inane,25085,2515,0,8,25,30,21,13,3,0.10025911899541559,4.15,4.552130731291402,1,1,620,10
47,2022-11-14,513,maple,26536,2467,1,6,26,36,21,8,1,0.09296804341272234,3.95,5.086251671159373,0,0,574,20
46,2022-11-15,514,snarl,27475,2650,0,5,21,31,24,15,4,0.09645131938125569,4.35,5.420133649270165,0,0,580,51
45,2022-11-16,515,baker,25576,2541,0,5,16,23,24,22,10,0.09935095401939319,4.72,4.942172333117167,0,0,543,20
44,2022-11-17,516,there,27465,2530,0,14,35,33,14,4,0,0.09211724012379392,3.59,4.551731780111364,1,1,702,30
43,2022-11-18,517,glyph,29208,2899,0,2,23,49,20,5,1,0.09925362914270063,4.06,3.649221279473267,0,0,358,17
42,2022-11-19,518,avert,24749,2400,0,7,26,35,22,9,1,0.09697361509555942,4.03,4.773344835298022,0,0,632,28
41,2022-11-20,519,brave,24991,2396,1,6,17,27,27,18,5,0.09587451482533713,4.5,4.6509029380371,0,0,533,20
40,2022-11-21,520,axiom,24288,2382,0,5,19,33,27,13,3,0.09807312252964427,4.33,4.091085797025396,0,0,456,28
39,2022-11-22,521,prime,27437,2534,1,10,26,32,21,9,1,0.09235703611910923,3.93,4.935958964427568,0,0,538,23
38,2022-11-23,522,drive,26663,2451,1,12,32,30,18,6,1,0.09192513970670967,3.74,4.6432821702446025,0,0,498,12
37,2022-11-24,523,feast,27705,2725,5,13,25,27,19,10,2,0.09835769716657643,3.83,5.192909907289926,0,0,593,22
36,2022-11-25,524,itchy,24197,2329,0,8,28,40,18,5,1,0.09625160143819482,3.87,3.8686958354637837,0,0,433,10
35,2022-11-26,525,clean,26381,2424,1,17,36,31,12,3,0,0.09188431067813957,3.45,5.076108103276312,0,0,614,33
34,2022-11-27,526,happy,25206,2356,0,6,28,39,19,6,1,0.09346980877568833,3.9,3.6299601778500437,1,1,418,11
33,2022-11-28,527,tepid,26051,2484,0,10,38,35,13,3,0,0.09535142604890408,3.57,4.863007670833671,0,0,533,30
32,2022-11-29,528,undue,23739,2316,0,3,19,35,29,13,2,0.0975609756097561,4.4,3.8533492590935103,1,1,454,8
31,2022-11-30,529,study,25569,2405,0,6,30,33,19,10,2,0.09405921232742774,4.03,4.564042610281186,0,0,396,51
30,2022-12-01,530,eject,22628,2200,0,2,11,35,36,14,2,0.0972246773908432,4.55,3.4575152634289554,1,1,573,10
29,2022-12-02,531,chafe,24646,2343,0,6,30,33,19,9,2,0.09506613649273715,3.97,4.432443171877233,0,0,517,33
28,2022-12-03,532,torso,23873,2260,0,4,35,36,17,6,1,0.09466761613538306,3.85,4.731411602666098,1,1,617,30
27,2022-12-04,533,adore,25577,2398,2,17,32,29,15,5,1,0.09375610900418345,3.6,5.316205955050214,0,0,664,28
26,2022-12-05,534,woken,23153,2200,0,2,10,25,36,23,4,0.09502008379043753,4.8,4.467050317791038,0,0,470,11
25,2022-12-06,535,amber,23509,2261,0,6,22,33,24,12,3,0.09617593262154919,4.23,4.874845620347111,0,0,563,28
24,2022-12-07,536,joust,24899,2388,0,6,29,34,21,8,2,0.09590746616329973,4.02,4.309680441733637,0,0,418,2
23,2022-12-08,537,infer,21199,1863,0,3,19,33,26,14,3,0.08788150384452097,4.3,4.6272128696097825,0,0,540,10
22,2022-12-09,538,braid,23640,2165,0,10,36,35,14,3,0,0.09158206429780034,3.56,4.903308796897351,0,0,479,20
21,2022-12-10,539,knock,21157,2041,0,3,18,43,27,8,1,0.09646925367490665,4.22,3.3516333185032154,1,1,362,3
20,2022-12-11,540,na√Øve,21947,2075,1,7,24,32,24,11,1,0.0945459516106985,4.08,,0,0,457,6
19,2022-12-12,541,apply,22873,2150,0,5,28,38,22,7,1,0.09399728938049229,4.05,3.759582713233449,1,1,460,28
18,2022-12-13,542,spoke,24101,2224,0,6,31,38,19,5,0,0.09227832870005394,3.82,5.019073033242195,0,0,503,51
17,2022-12-14,543,usual,20824,2048,0,3,20,39,27,10,1,0.09834805993084902,4.24,4.155966162947415,1,1,486,8
16,2022-12-15,544,rival,22176,2127,0,7,27,35,22,8,1,0.09591450216450216,4.0,4.645543077221008,0,0,531,13
15,2022-12-16,545,probe,22853,2160,0,6,24,32,24,11,3,0.09451713123003544,4.19,4.850830076064433,0,0,546,23
14,2022-12-17,546,chord,22336,2088,0,7,39,38,13,3,0,0.09348137535816618,3.66,4.418269423062089,0,0,462,33
13,2022-12-18,547,taper,22166,2108,0,8,28,30,20,11,3,0.09510060452945954,4.07,5.414818073561886,0,0,671,30
12,2022-12-19,548,slate,26010,2422,6,14,33,27,13,5,1,0.09311803152633602,3.43,5.872430217496517,0,0,672,51
11,2022-12-20,549,third,24137,2261,1,10,47,32,9,2,0,0.09367361312507769,3.47,4.614590997619433,0,0,489,30
10,2022-12-21,550,lunar,22180,2036,0,5,32,40,17,4,0,0.09179440937781785,3.75,5.025647167688728,0,0,557,13
9,2022-12-22,551,excel,20490,2034,0,1,13,34,34,15,2,0.0992679355783309,4.51,3.5996027927914307,1,1,559,10
8,2022-12-23,552,aorta,21937,2112,0,7,26,35,20,10,3,0.09627569859142089,4.13,4.837007000099439,1,1,715,28
7,2022-12-24,553,poise,20281,1911,2,11,34,32,15,6,1,0.09422612297224003,3.72,5.407526374667958,0,0,569,23
6,2022-12-25,554,extra,15554,1562,1,5,20,35,28,10,1,0.10042432814710042,4.18,4.472400905458877,0,0,615,10
5,2022-12-26,555,judge,20011,2043,0,2,8,16,26,33,14,0.10209384838338914,5.18,3.766190296704447,0,0,357,2
4,2022-12-27,556,condo,20879,2012,0,2,17,35,29,14,3,0.09636476842760669,4.45,3.926871600960631,1,1,479,33
3,2022-12-28,557,impel,20160,1937,0,3,21,40,25,9,1,0.09608134920634921,4.15,4.599767645405228,0,0,516,10
2,2022-12-29,558,havoc,20001,1919,0,2,16,38,30,12,2,0.09594520273986301,4.4,4.037979323496683,0,0,458,11
1,2022-12-30,559,molar,21204,1973,0,4,21,38,26,9,1,0.09304848141860027,4.14,5.142052549148611,0,0,593,20
0,2022-12-31,560,manly,20380,1899,0,2,17,37,29,12,2,0.09317958783120707,4.34,4.751313611535919,0,0,475,20
